{
  "$schema": "https://schema.management.azure.com/schemas/2015-01-01/deploymentParameters.json#",
  "contentVersion": "1.0.0.0",
  "parameters": {
      "sourceWindowsAdminUserName": {
          "value": "student"
      },
      "sourceWindowsAdminPassword": {
          "value": "SecureP@ssW0rd"
      },
      "sourceSqlAuthenticationPassword": {
          "value": "SecureP@ssW0rd"
      },
      "targetSqlDbAdministratorLogin": {
          "value": "student"
      },
      "targetSqlDbAdministratorPassword": {
          "value": "SecureP@ssW0rd"
      }
  }
}